{
  "RequestItems": {
    "DefaultEquipment-slojuuuyorf2phvzhigvhhdtve-dev": [
      {
        "PutRequest": {
          "Item": {
            "listID": {"S": "LIST-16"},
            "equipmentID": {"S": "EQUIP-22"},
            "totalRequired": {"N": "0"},
            "defaultEquipID": {"S": "DEquip-93"}
          }
        }
      },
      {
        "PutRequest": {
          "Item": {
            "listID": {"S": "LIST-16"},
            "equipmentID": {"S": "EQUIP-23"},
            "totalRequired": {"N": "0"},
            "defaultEquipID": {"S": "DEquip-94"}
          }
        }
      },
      {
        "PutRequest": {
          "Item": {
            "listID": {"S": "LIST-16"},
            "equipmentID": {"S": "EQUIP-24"},
            "totalRequired": {"N": "0"},
            "defaultEquipID": {"S": "DEquip-95"}
          }
        }
      },
      {
        "PutRequest": {
          "Item": {
            "listID": {"S": "LIST-16"},
            "equipmentID": {"S": "EQUIP-20"},
            "totalRequired": {"N": "0"},
            "defaultEquipID": {"S": "DEquip-96"}
          }
        }
      },
      {
        "PutRequest": {
          "Item": {
            "listID": {"S": "LIST-16"},
            "equipmentID": {"S": "EQUIP-25"},
            "totalRequired": {"N": "0"},
            "defaultEquipID": {"S": "DEquip-97"}
          }
        }
      },
      {
        "PutRequest": {
          "Item": {
            "listID": {"S": "LIST-16"},
            "equipmentID": {"S": "EQUIP-26"},
            "totalRequired": {"N": "0"},
            "defaultEquipID": {"S": "DEquip-98"}
          }
        }
      },
      {
        "PutRequest": {
          "Item": {
            "listID": {"S": "LIST-16"},
            "equipmentID": {"S": "EQUIP-27"},
            "totalRequired": {"N": "0"},
            "defaultEquipID": {"S": "DEquip-99"}
          }
        }
      },
      {
        "PutRequest": {
          "Item": {
            "listID": {"S": "LIST-16"},
            "equipmentID": {"S": "EQUIP-28"},
            "totalRequired": {"N": "0"},
            "defaultEquipID": {"S": "DEquip-100"}
          }
        }
      },
      {
        "PutRequest": {
          "Item": {
            "listID": {"S": "LIST-17"},
            "equipmentID": {"S": "EQUIP-29"},
            "totalRequired": {"N": "1"},
            "defaultEquipID": {"S": "DEquip-101"}
          }
        }
      },
      {
        "PutRequest": {
          "Item": {
            "listID": {"S": "LIST-17"},
            "equipmentID": {"S": "EQUIP-30"},
            "totalRequired": {"N": "6"},
            "defaultEquipID": {"S": "DEquip-102"}
          }
        }
      },
      {
        "PutRequest": {
          "Item": {
            "listID": {"S": "LIST-17"},
            "equipmentID": {"S": "EQUIP-7"},
            "totalRequired": {"N": "2"},
            "defaultEquipID": {"S": "DEquip-103"}
          }
        }
      },
      {
        "PutRequest": {
          "Item": {
            "listID": {"S": "LIST-17"},
            "equipmentID": {"S": "EQUIP-8"},
            "totalRequired": {"N": "2"},
            "defaultEquipID": {"S": "DEquip-104"}
          }
        }
      },
      {
        "PutRequest": {
          "Item": {
            "listID": {"S": "LIST-17"},
            "equipmentID": {"S": "EQUIP-9"},
            "totalRequired": {"N": "2"},
            "defaultEquipID": {"S": "DEquip-105"}
          }
        }
      },
      {
        "PutRequest": {
          "Item": {
            "listID": {"S": "LIST-17"},
            "equipmentID": {"S": "EQUIP-31"},
            "totalRequired": {"N": "1"},
            "defaultEquipID": {"S": "DEquip-106"}
          }
        }
      },
      {
        "PutRequest": {
          "Item": {
            "listID": {"S": "LIST-17"},
            "equipmentID": {"S": "EQUIP-32"},
            "totalRequired": {"N": "20"},
            "defaultEquipID": {"S": "DEquip-107"}
          }
        }
      },
      {
        "PutRequest": {
          "Item": {
            "listID": {"S": "LIST-17"},
            "equipmentID": {"S": "EQUIP-33"},
            "totalRequired": {"N": "30"},
            "defaultEquipID": {"S": "DEquip-108"}
          }
        }
      },
      {
        "PutRequest": {
          "Item": {
            "listID": {"S": "LIST-17"},
            "equipmentID": {"S": "EQUIP-34"},
            "totalRequired": {"N": "1"},
            "defaultEquipID": {"S": "DEquip-109"}
          }
        }
      },
      {
        "PutRequest": {
          "Item": {
            "listID": {"S": "LIST-17"},
            "equipmentID": {"S": "EQUIP-10"},
            "totalRequired": {"N": "1"},
            "defaultEquipID": {"S": "DEquip-110"}
          }
        }
      },
      {
        "PutRequest": {
          "Item": {
            "listID": {"S": "LIST-18"},
            "equipmentID": {"S": "EQUIP-35"},
            "totalRequired": {"N": "0"},
            "defaultEquipID": {"S": "DEquip-111"}
          }
        }
      },
      {
        "PutRequest": {
          "Item": {
            "listID": {"S": "LIST-18"},
            "equipmentID": {"S": "EQUIP-36"},
            "totalRequired": {"N": "0"},
            "defaultEquipID": {"S": "DEquip-112"}
          }
        }
      },
      {
        "PutRequest": {
          "Item": {
            "listID": {"S": "LIST-18"},
            "equipmentID": {"S": "EQUIP-37"},
            "totalRequired": {"N": "0"},
            "defaultEquipID": {"S": "DEquip-113"}
          }
        }
      },
      {
        "PutRequest": {
          "Item": {
            "listID": {"S": "LIST-18"},
            "equipmentID": {"S": "EQUIP-38"},
            "totalRequired": {"N": "0"},
            "defaultEquipID": {"S": "DEquip-114"}
          }
        }
      },
      {
        "PutRequest": {
          "Item": {
            "listID": {"S": "LIST-18"},
            "equipmentID": {"S": "EQUIP-39"},
            "totalRequired": {"N": "0"},
            "defaultEquipID": {"S": "DEquip-115"}
          }
        }
      },
      {
        "PutRequest": {
          "Item": {
            "listID": {"S": "LIST-18"},
            "equipmentID": {"S": "EQUIP-40"},
            "totalRequired": {"N": "0"},
            "defaultEquipID": {"S": "DEquip-116"}
          }
        }
      },
      {
        "PutRequest": {
          "Item": {
            "listID": {"S": "LIST-18"},
            "equipmentID": {"S": "EQUIP-41"},
            "totalRequired": {"N": "0"},
            "defaultEquipID": {"S": "DEquip-117"}
          }
        }
      }
    ]
  }
}