{
  "RequestItems": {
    "Equipment-slojuuuyorf2phvzhigvhhdtve-dev": [  {
        "PutRequest": {
          "Item": {
            "equipID": {"S": "EQUIP-1"},
            "serialNumber": {"S": "11111"},
            "description": {"S": "Be Prepared to Stop"},
            "location": {"S": "Main"},
            "equipPhoto": {"S": "https://mjdynamo.s3.us-east-2.amazonaws.com/2003Cobra.jpeg"},
            "totalNumber": {"N": "50"},
            "rentalRate": {"N": "100.00"},
            "availableNumber": {"N": "50"}
          }
        }
      },
      {
        "PutRequest": {
          "Item": {
            "equipID": {"S": "EQUIP-2"},
            "serialNumber": {"S": "11111"},
            "description": {"S": "One Lane Road Ahead"},
            "location": {"S": "Main"},
            "equipPhoto": {"S": "https://mjdynamo.s3.us-east-2.amazonaws.com/2003Cobra.jpeg"},
            "totalNumber": {"N": "50"},
            "rentalRate": {"N": "100.00"},
            "availableNumber": {"N": "50"}
          }
        }
      },
      {
        "PutRequest": {
          "Item": {
            "equipID": {"S": "EQUIP-3"},
            "serialNumber": {"S": "11111"},
            "description": {"S": "Flagger Symbol"},
            "location": {"S": "Main"},
            "equipPhoto": {"S": "https://mjdynamo.s3.us-east-2.amazonaws.com/2003Cobra.jpeg"},
            "totalNumber": {"N": "50"},
            "rentalRate": {"N": "100.00"},
            "availableNumber": {"N": "50"}
          }
        }
      },
      {
        "PutRequest": {
          "Item": {
            "equipID": {"S": "EQUIP-4"},
            "serialNumber": {"S": "11111"},
            "description": {"S": "Stop/Slow Paddles"},
            "location": {"S": "Main"},
            "equipPhoto": {"S": "https://mjdynamo.s3.us-east-2.amazonaws.com/2003Cobra.jpeg"},
            "totalNumber": {"N": "10"},
            "rentalRate": {"N": "100.00"},
            "availableNumber": {"N": "10"}
          }
        }
      },
      {
        "PutRequest": {
          "Item": {
            "equipID": {"S": "EQUIP-5"},
            "serialNumber": {"S": "11111"},
            "description": {"S": "Compact Stands"},
            "location": {"S": "Main"},
            "equipPhoto": {"S": "https://mjdynamo.s3.us-east-2.amazonaws.com/2003Cobra.jpeg"},
            "totalNumber": {"N": "100"},
            "rentalRate": {"N": "10.00"},
            "availableNumber": {"N": "100"}
          }
        }
      },
      {
        "PutRequest": {
          "Item": {
            "equipID": {"S": "EQUIP-6"},
            "serialNumber": {"S": "11111"},
            "description": {"S": "36 Inch Cones"},
            "location": {"S": "Main"},
            "equipPhoto": {"S": "https://mjdynamo.s3.us-east-2.amazonaws.com/2003Cobra.jpeg"},
            "totalNumber": {"N": "500"},
            "rentalRate": {"N": "100.00"},
            "availableNumber": {"N": "500"}
          }
        }
      },
      {
        "PutRequest": {
          "Item": {
            "equipID": {"S": "EQUIP-7"},
            "serialNumber": {"S": "11111"},
            "description": {"S": "Left Lane Closed Ahead"},
            "location": {"S": "Main"},
            "equipPhoto": {"S": "https://mjdynamo.s3.us-east-2.amazonaws.com/2003Cobra.jpeg"},
            "totalNumber": {"N": "20"},
            "rentalRate": {"N": "100.00"},
            "availableNumber": {"N": "20"}
          }
        }
      },
      {
        "PutRequest": {
          "Item": {
            "equipID": {"S": "EQUIP-8"},
            "serialNumber": {"S": "11111"},
            "description": {"S": "Left Lane Reduction"},
            "location": {"S": "Main"},
            "equipPhoto": {"S": "https://mjdynamo.s3.us-east-2.amazonaws.com/2003Cobra.jpeg"},
            "totalNumber": {"N": "20"},
            "rentalRate": {"N": "100.00"},
            "availableNumber": {"N": "20"}
          }
        }
      },
      {
        "PutRequest": {
          "Item": {
            "equipID": {"S": "EQUIP-9"},
            "serialNumber": {"S": "11111"},
            "description": {"S": "Left Lane Closed"},
            "location": {"S": "Main"},
            "equipPhoto": {"S": "https://mjdynamo.s3.us-east-2.amazonaws.com/2003Cobra.jpeg"},
            "totalNumber": {"N": "20"},
            "rentalRate": {"N": "100.00"},
            "availableNumber": {"N": "20"}
          }
        }
      },
      {
        "PutRequest": {
          "Item": {
            "equipID": {"S": "EQUIP-10"},
            "serialNumber": {"S": "11111"},
            "description": {"S": "Arrow Board"},
            "location": {"S": "Main"},
            "equipPhoto": {"S": "https://mjdynamo.s3.us-east-2.amazonaws.com/2003Cobra.jpeg"},
            "totalNumber": {"N": "15"},
            "rentalRate": {"N": "200.00"},
            "availableNumber": {"N": "15"}
          }
        }
      },
      {
        "PutRequest": {
          "Item": {
            "equipID": {"S": "EQUIP-11"},
            "serialNumber": {"S": "11111"},
            "description": {"S": "Right Lane Closed Ahead"},
            "location": {"S": "Main"},
            "equipPhoto": {"S": "https://mjdynamo.s3.us-east-2.amazonaws.com/2003Cobra.jpeg"},
            "totalNumber": {"N": "20"},
            "rentalRate": {"N": "100.00"},
            "availableNumber": {"N": "20"}
          }
        }
      },
      {
        "PutRequest": {
          "Item": {
            "equipID": {"S": "EQUIP-12"},
            "serialNumber": {"S": "11111"},
            "description": {"S": "Right Lane Reduction"},
            "location": {"S": "Main"},
            "equipPhoto": {"S": "https://mjdynamo.s3.us-east-2.amazonaws.com/2003Cobra.jpeg"},
            "totalNumber": {"N": "20"},
            "rentalRate": {"N": "100.00"},
            "availableNumber": {"N": "20"}
          }
        }
      },
      {
        "PutRequest": {
          "Item": {
            "equipID": {"S": "EQUIP-13"},
            "serialNumber": {"S": "11111"},
            "description": {"S": "Right Lane Closed"},
            "location": {"S": "Main"},
            "equipPhoto": {"S": "https://mjdynamo.s3.us-east-2.amazonaws.com/2003Cobra.jpeg"},
            "totalNumber": {"N": "20"},
            "rentalRate": {"N": "100.00"},
            "availableNumber": {"N": "20"}
          }
        }
      },
      {
        "PutRequest": {
          "Item": {
            "equipID": {"S": "EQUIP-14"},
            "serialNumber": {"S": "11111"},
            "description": {"S": "2-Way Radios"},
            "location": {"S": "Main"},
            "equipPhoto": {"S": "https://mjdynamo.s3.us-east-2.amazonaws.com/2003Cobra.jpeg"},
            "totalNumber": {"N": "20"},
            "rentalRate": {"N": "100.00"},
            "availableNumber": {"N": "20"}
          }
        }
      },
      {
        "PutRequest": {
          "Item": {
            "equipID": {"S": "EQUIP-15"},
            "serialNumber": {"S": "11111"},
            "description": {"S": "Traffic Shift"},
            "location": {"S": "Main"},
            "equipPhoto": {"S": "https://mjdynamo.s3.us-east-2.amazonaws.com/2003Cobra.jpeg"},
            "totalNumber": {"N": "20"},
            "rentalRate": {"N": "100.00"},
            "availableNumber": {"N": "20"}
          }
        }
      },
      {
        "PutRequest": {
          "Item": {
            "equipID": {"S": "EQUIP-16"},
            "serialNumber": {"S": "11111"},
            "description": {"S": "Right Double Reverse Curve"},
            "location": {"S": "Main"},
            "equipPhoto": {"S": "https://mjdynamo.s3.us-east-2.amazonaws.com/2003Cobra.jpeg"},
            "totalNumber": {"N": "20"},
            "rentalRate": {"N": "100.00"},
            "availableNumber": {"N": "20"}
          }
        }
      },
      {
        "PutRequest": {
          "Item": {
            "equipID": {"S": "EQUIP-17"},
            "serialNumber": {"S": "11111"},
            "description": {"S": "Center Lane Closed Ahead"},
            "location": {"S": "Main"},
            "equipPhoto": {"S": "https://mjdynamo.s3.us-east-2.amazonaws.com/2003Cobra.jpeg"},
            "totalNumber": {"N": "20"},
            "rentalRate": {"N": "100.00"},
            "availableNumber": {"N": "20"}
          }
        }
      },
      {
        "PutRequest": {
          "Item": {
            "equipID": {"S": "EQUIP-18"},
            "serialNumber": {"S": "11111"},
            "description": {"S": "No Left Turn"},
            "location": {"S": "Main"},
            "equipPhoto": {"S": "https://mjdynamo.s3.us-east-2.amazonaws.com/2003Cobra.jpeg"},
            "totalNumber": {"N": "20"},
            "rentalRate": {"N": "100.00"},
            "availableNumber": {"N": "20"}
          }
        }
      },
      {
        "PutRequest": {
          "Item": {
            "equipID": {"S": "EQUIP-19"},
            "serialNumber": {"S": "11111"},
            "description": {"S": "No Right Turn"},
            "location": {"S": "Main"},
            "equipPhoto": {"S": "https://mjdynamo.s3.us-east-2.amazonaws.com/2003Cobra.jpeg"},
            "totalNumber": {"N": "20"},
            "rentalRate": {"N": "100.00"},
            "availableNumber": {"N": "20"}
          }
        }
      },
      {
        "PutRequest": {
          "Item": {
            "equipID": {"S": "EQUIP-20"},
            "serialNumber": {"S": "11111"},
            "description": {"S": "Medium Stands"},
            "location": {"S": "Main"},
            "equipPhoto": {"S": "https://mjdynamo.s3.us-east-2.amazonaws.com/2003Cobra.jpeg"},
            "totalNumber": {"N": "20"},
            "rentalRate": {"N": "100.00"},
            "availableNumber": {"N": "20"}
          }
        }
      },
      {
        "PutRequest": {
          "Item": {
            "equipID": {"S": "EQUIP-21"},
            "serialNumber": {"S": "11111"},
            "description": {"S": "Left Double Reverse Curve"},
            "location": {"S": "Main"},
            "equipPhoto": {"S": "https://mjdynamo.s3.us-east-2.amazonaws.com/2003Cobra.jpeg"},
            "totalNumber": {"N": "20"},
            "rentalRate": {"N": "100.00"},
            "availableNumber": {"N": "20"}
          }
        }
      },
      {
        "PutRequest": {
          "Item": {
            "equipID": {"S": "EQUIP-22"},
            "serialNumber": {"S": "11111"},
            "description": {"S": "Detour Ahead"},
            "location": {"S": "Main"},
            "equipPhoto": {"S": "https://mjdynamo.s3.us-east-2.amazonaws.com/2003Cobra.jpeg"},
            "totalNumber": {"N": "20"},
            "rentalRate": {"N": "100.00"},
            "availableNumber": {"N": "20"}
          }
        }
      },
      {
        "PutRequest": {
          "Item": {
            "equipID": {"S": "EQUIP-23"},
            "serialNumber": {"S": "11111"},
            "description": {"S": "Road Closed"},
            "location": {"S": "Main"},
            "equipPhoto": {"S": "https://mjdynamo.s3.us-east-2.amazonaws.com/2003Cobra.jpeg"},
            "totalNumber": {"N": "50"},
            "rentalRate": {"N": "100.00"},
            "availableNumber": {"N": "50"}
          }
        }
      },
      {
        "PutRequest": {
          "Item": {
            "equipID": {"S": "EQUIP-24"},
            "serialNumber": {"S": "11111"},
            "description": {"S": "Detour Arrows"},
            "location": {"S": "Main"},
            "equipPhoto": {"S": "https://mjdynamo.s3.us-east-2.amazonaws.com/2003Cobra.jpeg"},
            "totalNumber": {"N": "50"},
            "rentalRate": {"N": "100.00"},
            "availableNumber": {"N": "50"}
          }
        }
      }
    ]
  }
}