{
  "RequestItems": {
    "Equipment-slojuuuyorf2phvzhigvhhdtve-dev": [  
      {
        "PutRequest": {
          "Item": {
            "equipID": {"S": "EQUIP-25"},
            "serialNumber": {"S": "11111"},
            "description": {"S": "Type III Barricades"},
            "location": {"S": "Main"},
            "equipPhoto": {"S": "https://mjdynamo.s3.us-east-2.amazonaws.com/2003Cobra.jpeg"},
            "totalNumber": {"N": "20"},
            "rentalRate": {"N": "100.00"},
            "availableNumber": {"N": "20"}
          }
        }
      },
      {
        "PutRequest": {
          "Item": {
            "equipID": {"S": "EQUIP-26"},
            "serialNumber": {"S": "11111"},
            "description": {"S": "Type II Barricades"},
            "location": {"S": "Main"},
            "equipPhoto": {"S": "https://mjdynamo.s3.us-east-2.amazonaws.com/2003Cobra.jpeg"},
            "totalNumber": {"N": "20"},
            "rentalRate": {"N": "100.00"},
            "availableNumber": {"N": "20"}
          }
        }
      },
      {
        "PutRequest": {
          "Item": {
            "equipID": {"S": "EQUIP-27"},
            "serialNumber": {"S": "11111"},
            "description": {"S": "Road Closed Barricade Signs 48 x 30"},
            "location": {"S": "Main"},
            "equipPhoto": {"S": "https://mjdynamo.s3.us-east-2.amazonaws.com/2003Cobra.jpeg"},
            "totalNumber": {"N": "20"},
            "rentalRate": {"N": "100.00"},
            "availableNumber": {"N": "20"}
          }
        }
      },
      {
        "PutRequest": {
          "Item": {
            "equipID": {"S": "EQUIP-28"},
            "serialNumber": {"S": "11111"},
            "description": {"S": "Detour Barricade Directional Signs 48 x 18"},
            "location": {"S": "Main"},
            "equipPhoto": {"S": "https://mjdynamo.s3.us-east-2.amazonaws.com/2003Cobra.jpeg"},
            "totalNumber": {"N": "20"},
            "rentalRate": {"N": "100.00"},
            "availableNumber": {"N": "20"}
          }
        }
      },
      {
        "PutRequest": {
          "Item": {
            "equipID": {"S": "EQUIP-29"},
            "serialNumber": {"S": "11111"},
            "description": {"S": "TMA Vehicle"},
            "location": {"S": "Main"},
            "equipPhoto": {"S": "https://mjdynamo.s3.us-east-2.amazonaws.com/2003Cobra.jpeg"},
            "totalNumber": {"N": "5"},
            "rentalRate": {"N": "500.00"},
            "availableNumber": {"N": "5"}
          }
        }
      },
      {
        "PutRequest": {
          "Item": {
            "equipID": {"S": "EQUIP-30"},
            "serialNumber": {"S": "11111"},
            "description": {"S": "Large Highway Stands"},
            "location": {"S": "Main"},
            "equipPhoto": {"S": "https://mjdynamo.s3.us-east-2.amazonaws.com/2003Cobra.jpeg"},
            "totalNumber": {"N": "20"},
            "rentalRate": {"N": "100.00"},
            "availableNumber": {"N": "20"}
          }
        }
      },
      {
        "PutRequest": {
          "Item": {
            "equipID": {"S": "EQUIP-31"},
            "serialNumber": {"S": "11111"},
            "description": {"S": "Shoulder Closed Ahead"},
            "location": {"S": "Main"},
            "equipPhoto": {"S": "https://mjdynamo.s3.us-east-2.amazonaws.com/2003Cobra.jpeg"},
            "totalNumber": {"N": "50"},
            "rentalRate": {"N": "100.00"},
            "availableNumber": {"N": "50"}
          }
        }
      },
      {
        "PutRequest": {
          "Item": {
            "equipID": {"S": "EQUIP-32"},
            "serialNumber": {"S": "11111"},
            "description": {"S": "Barrels"},
            "location": {"S": "Main"},
            "equipPhoto": {"S": "https://mjdynamo.s3.us-east-2.amazonaws.com/2003Cobra.jpeg"},
            "totalNumber": {"N": "200"},
            "rentalRate": {"N": "10.00"},
            "availableNumber": {"N": "200"}
          }
        }
      },
      {
        "PutRequest": {
          "Item": {
            "equipID": {"S": "EQUIP-33"},
            "serialNumber": {"S": "11111"},
            "description": {"S": "42 Inch Skinnys"},
            "location": {"S": "Main"},
            "equipPhoto": {"S": "https://mjdynamo.s3.us-east-2.amazonaws.com/2003Cobra.jpeg"},
            "totalNumber": {"N": "500"},
            "rentalRate": {"N": "10.00"},
            "availableNumber": {"N": "500"}
          }
        }
      },
      {
        "PutRequest": {
          "Item": {
            "equipID": {"S": "EQUIP-34"},
            "serialNumber": {"S": "11111"},
            "description": {"S": "Message Board"},
            "location": {"S": "Main"},
            "equipPhoto": {"S": "https://mjdynamo.s3.us-east-2.amazonaws.com/2003Cobra.jpeg"},
            "totalNumber": {"N": "30"},
            "rentalRate": {"N": "100.00"},
            "availableNumber": {"N": "30"}
          }
        }
      },
      {
        "PutRequest": {
          "Item": {
            "equipID": {"S": "EQUIP-35"},
            "serialNumber": {"S": "11111"},
            "description": {"S": "Water-Filled Barriers"},
            "location": {"S": "Main"},
            "equipPhoto": {"S": "https://mjdynamo.s3.us-east-2.amazonaws.com/2003Cobra.jpeg"},
            "totalNumber": {"N": "500"},
            "rentalRate": {"N": "10.00"},
            "availableNumber": {"N": "500"}
          }
        }
      },
      {
        "PutRequest": {
          "Item": {
            "equipID": {"S": "EQUIP-36"},
            "serialNumber": {"S": "11111"},
            "description": {"S": "Steel Connector Rods"},
            "location": {"S": "Main"},
            "equipPhoto": {"S": "https://mjdynamo.s3.us-east-2.amazonaws.com/2003Cobra.jpeg"},
            "totalNumber": {"N": "2000"},
            "rentalRate": {"N": "1.00"},
            "availableNumber": {"N": "2000"}
          }
        }
      },
      {
        "PutRequest": {
          "Item": {
            "equipID": {"S": "EQUIP-37"},
            "serialNumber": {"S": "11111"},
            "description": {"S": "Lids"},
            "location": {"S": "Main"},
            "equipPhoto": {"S": "https://mjdynamo.s3.us-east-2.amazonaws.com/2003Cobra.jpeg"},
            "totalNumber": {"N": "200"},
            "rentalRate": {"N": "1.00"},
            "availableNumber": {"N": "200"}
          }
        }
      },
      {
        "PutRequest": {
          "Item": {
            "equipID": {"S": "EQUIP-38"},
            "serialNumber": {"S": "11111"},
            "description": {"S": "Drain Plugs"},
            "location": {"S": "Main"},
            "equipPhoto": {"S": "https://mjdynamo.s3.us-east-2.amazonaws.com/2003Cobra.jpeg"},
            "totalNumber": {"N": "200"},
            "rentalRate": {"N": "100.00"},
            "availableNumber": {"N": "200"}
          }
        }
      },
      {
        "PutRequest": {
          "Item": {
            "equipID": {"S": "EQUIP-39"},
            "serialNumber": {"S": "11111"},
            "description": {"S": "Large Trailer"},
            "location": {"S": "Main"},
            "equipPhoto": {"S": "https://mjdynamo.s3.us-east-2.amazonaws.com/2003Cobra.jpeg"},
            "totalNumber": {"N": "5"},
            "rentalRate": {"N": "50.00"},
            "availableNumber": {"N": "5"}
          }
        }
      },
      {
        "PutRequest": {
          "Item": {
            "equipID": {"S": "EQUIP-40"},
            "serialNumber": {"S": "11111"},
            "description": {"S": "Extra Large Trailer"},
            "location": {"S": "Main"},
            "equipPhoto": {"S": "https://mjdynamo.s3.us-east-2.amazonaws.com/2003Cobra.jpeg"},
            "totalNumber": {"N": "5"},
            "rentalRate": {"N": "50.00"},
            "availableNumber": {"N": "5"}
          }
        }
      },
      {
        "PutRequest": {
          "Item": {
            "equipID": {"S": "EQUIP-41"},
            "serialNumber": {"S": "11111"},
            "description": {"S": "Hoses for Water Bins"},
            "location": {"S": "Main"},
            "equipPhoto": {"S": "https://mjdynamo.s3.us-east-2.amazonaws.com/2003Cobra.jpeg"},
            "totalNumber": {"N": "100"},
            "rentalRate": {"N": "10.00"},
            "availableNumber": {"N": "10"}
          }
        }
      }
    ]
  }
}